<?xml version="1.0" encoding="UTF-8"?>
<sharedobjects>
  <connection>
    <name>sls_dma</name>
    <server>${VAR_DB_DMA_HOST}</server>
    <type>MONETDB</type>
    <access>Native</access>
    <database>${VAR_DB_DMA_NAME}</database>
    <port>${VAR_DB_DMA_PORT}</port>
    <username>${VAR_DB_DMA_USER}</username>
    <password>${VAR_DB_DMA_PW}</password>
    <servername/>
    <data_tablespace/>
    <index_tablespace/>
    <attributes>
      <attribute><code>FORCE_IDENTIFIERS_TO_LOWERCASE</code><attribute>N</attribute></attribute>
      <attribute><code>FORCE_IDENTIFIERS_TO_UPPERCASE</code><attribute>N</attribute></attribute>
      <attribute><code>IS_CLUSTERED</code><attribute>N</attribute></attribute>
      <attribute><code>PORT_NUMBER</code><attribute>${VAR_DB_DMA_PORT}</attribute></attribute>
      <attribute><code>QUOTE_ALL_FIELDS</code><attribute>N</attribute></attribute>
      <attribute><code>SUPPORTS_BOOLEAN_DATA_TYPE</code><attribute>N</attribute></attribute>
      <attribute><code>USE_POOLING</code><attribute>N</attribute></attribute>
    </attributes>
  </connection>

  <connection>
    <name>sls_etl</name>
    <server>${VAR_DB_ETL_HOST}</server>
    <type>MONETDB</type>
    <access>Native</access>
    <database>${VAR_DB_ETL_NAME}</database>
    <port>${VAR_DB_ETL_PORT}</port>
    <username>${VAR_DB_ETL_USER}</username>
    <password>${VAR_DB_ETL_PW}</password>
    <servername/>
    <data_tablespace/>
    <index_tablespace/>
    <attributes>
      <attribute><code>FORCE_IDENTIFIERS_TO_LOWERCASE</code><attribute>N</attribute></attribute>
      <attribute><code>FORCE_IDENTIFIERS_TO_UPPERCASE</code><attribute>N</attribute></attribute>
      <attribute><code>IS_CLUSTERED</code><attribute>N</attribute></attribute>
      <attribute><code>PORT_NUMBER</code><attribute>${VAR_DB_ETL_PORT}</attribute></attribute>
      <attribute><code>PREFERRED_SCHEMA_NAME</code><attribute>etl</attribute></attribute>
      <attribute><code>PRESERVE_RESERVED_WORD_CASE</code><attribute>N</attribute></attribute>
      <attribute><code>QUOTE_ALL_FIELDS</code><attribute>N</attribute></attribute>
      <attribute><code>SUPPORTS_BOOLEAN_DATA_TYPE</code><attribute>Y</attribute></attribute>
      <attribute><code>SUPPORTS_TIMESTAMP_DATA_TYPE</code><attribute>Y</attribute></attribute>
      <attribute><code>USE_POOLING</code><attribute>N</attribute></attribute>
    </attributes>
  </connection>

  <connection>
    <name>sls_raw</name>
    <server>${VAR_DB_RAW_HOST}</server>
    <type>MYSQL</type>
    <access>Native</access>
    <database>${VAR_DB_RAW_NAME}</database>
    <port>${VAR_DB_RAW_PORT}</port>
    <username>${VAR_DB_RAW_USER}</username>
    <password>${VAR_DB_RAW_PW}</password>
    <servername/>
    <data_tablespace/>
    <index_tablespace/>
    <attributes>
      <attribute><code>EXTRA_OPTION_MYSQL.defaultFetchSize</code><attribute>500</attribute></attribute>
      <attribute><code>EXTRA_OPTION_MYSQL.useCursorFetch</code><attribute>true</attribute></attribute>
      <attribute><code>FORCE_IDENTIFIERS_TO_LOWERCASE</code><attribute>N</attribute></attribute>
      <attribute><code>FORCE_IDENTIFIERS_TO_UPPERCASE</code><attribute>N</attribute></attribute>
      <attribute><code>IS_CLUSTERED</code><attribute>N</attribute></attribute>
      <attribute><code>PORT_NUMBER</code><attribute>${VAR_DB_RAW_PORT}</attribute></attribute>
      <attribute><code>QUOTE_ALL_FIELDS</code><attribute>N</attribute></attribute>
      <attribute><code>STREAM_RESULTS</code><attribute>Y</attribute></attribute>
      <attribute><code>SUPPORTS_BOOLEAN_DATA_TYPE</code><attribute>N</attribute></attribute>
      <attribute><code>USE_POOLING</code><attribute>N</attribute></attribute>
    </attributes>
  </connection>

</sharedobjects>
